(躲)藏	v
一	num
一举两得	v
一半	num
一向	adv
一块儿	adv
一定	adv
一样	part
一般	adv
一起	adv
一齐	adv
七	num
万	num
万一	num
三	num
上任	v
上去	v
上学	v
上当	v
上来	v
上班	v
上瘾	v
上网	v
上课	v
下	v
下去	v
下来	v
下班	v
下载	v
下降	v
下雨	v
不久	adv
不同	a
不如	v
不屑	v
不屑一顾	v
不愧	v
不过	conj
与日俱增	v
丑(陋)	a
专程	v
东张西望	v
丢	v
两	mw
严峻	a
严肃	a
严重	a
丧失	v
个	mw
中意	v
中断	v
丰富	v
串	mw
为	v
为了	prep
为难	v
主办	v
主导	v
主张	v
主持	v
主要	a
举	v
举世瞩目	v
举办	v
举行	v
举足轻重	v
乘	v
乘坐	v
九	num
也	adv
也许	adv
买	v
了	part
了解	v
争先恐后	v
争取	v
争夺	v
争气	v
争论	v
二	num
于	prep
于是	conj
亏待	v
五	num
交	v
交代	v
交叉	v
交往	v
交换	v
交流	v
亦	adv
产生	v
享受	v
亮	a
亲切	a
人家	pron
亿	num
什么	pron
介绍	v
仍旧	adv
仍然	adv
从	prep
从事	v
从来	adv
仔细	a
他	pron
他们	pron
付	v
付款	v
令	v
以为	v
件	mw
任	v
份	mw
企图	v
休假	v
休息	v
休闲	v
优先	v
优美	a
会	mv
传授	v
传达	v
伤害	v
伤心	a
估计	v
伴随	v
伸	v
伺候	v
似的	part
但	conj
但是	conj
位	mw
位于	v
低	a
住	v
住院	v
体会	v
体现	v
体谅	v
体验	v
作为	v
作战	v
你	pron
你们	pron
佩服	v
使	v
使劲(儿)	v
使用	v
侃侃而谈	v
依托	v
依旧	adv
依然	adv
依赖	v
依靠	v
侵犯	v
便	adv
便于	v
便利	a
便宜	a
促使	v
促进	v
保存	v
保密	v
保护	v
保留	v
保管	v
保证	v
保障	v
信赖	v
俩	num
修复	v
修建	v
修理	v
倒闭	v
借	v
借鉴	v
倡导	v
值得	v
倾向	v
倾听	v
假设	v
偏偏	adv
做	v
做主	v
做事	v
做客	v
做饭	v
停	v
停泊	v
停顿	v
健康	a
健身	v
储备	v
储存	v
催	v
像	v
允许	v
充实	a
充满	v
光	adv
光临	v
光明	a
光线	n
克制	v
克服	v
兑现	v
入住	v
入学	v
全力以赴	v
八	num
公布	v
公开	v
六	num
共同	a
关	v
关于	prep
关心	v
关机	v
关注	v
关照	v
关闭	v
兴奋	a
具备	v
养	v
养成	v
再	adv
再接再厉	v
再次	adv
冒充	v
冒犯	v
冒险	v
写	v
写作	v
冤枉	v
冲	v
冲击	v
决定	v
冷	a
冷淡	a
冷落	v
冷酷	a
冻	v
准备	v
凉	a
减少	v
减肥	v
减轻	v
凑合	v
凝固	v
凝聚	v
凝视	v
几	pron
几乎	adv
凭	v
出	v
出去	v
出发	v
出国	v
出差	v
出席	v
出来	v
出版	v
出现	v
出生	v
出示	v
出神	v
出租	v
出自	v
出行	v
出门	v
出院	v
击	v
分布	v
分开	v
分散	v
分析	v
分泌	v
分裂	v
分解	v
分辨	v
切	v
列举	v
则	mw
刚	adv
创业	v
创作	v
创新	v
创立	v
创造	v
判断	v
利用	v
别人	pron
刮	v
刮风	v
到	v
到达	v
制作	v
制约	v
制裁	v
制造	v
刷	v
刷卡	v
刷牙	v
刹车	v
刺	v
刺激	v
剩	v
副	mw
割	v
劈	v
力争	v
力求	v
劝	v
办	v
办理	v
加	v
加入	v
加工	v
加班	v
动	v
动员	v
动手	v
动身	v
势必	adv
勇于	v
勘探	v
勾画	v
包含	v
包围	v
包括	v
化妆	v
匹	mw
十	num
十分	adv
十足	a
千	num
千万	num
升	v
半	num
半途而废	v
协助	v
单纯	a
卖	v
南辕北辙	v
占	v
占据	v
占领	v
印刷	v
危害	v
危险	a
即将	adv
卷	v
历来	adv
厉害	a
压抑	v
压迫	v
厌倦	v
厌恶	v
厚	a
原谅	v
去	v
去世	v
参与	v
参加	v
参考	v
参观	v
又	adv
及格	v
双	mw
反对	v
反射	v
反感	v
反抗	v
反映	v
反问	v
反驳	v
发	v
发呆	v
发展	v
发愁	v
发扬	v
发抖	v
发挥	v
发炎	v
发烧	v
发现	v
发生	v
发行	v
发觉	v
发言	v
发誓	v
发财	v
取	v
取得	v
取消	v
受(伤)	v
受到	v
受罪	v
变	v
变成	v
叙述	v
口	mw
古怪	a
句	mw
只	adv
只是	adv
只有	adv
叫	v
召开	v
叮嘱	v
可	adv
可以	mv
可口	a
可是	conj
可能	mv
台	mw
右	a
号召	v
叹气	v
叼	v
吃	v
吃亏	v
吃力	a
吃惊	v
吃苦	v
吃饭	v
各	pron
合伙	v
合作	v
合成	v
吉祥	a
吊	v
同情	v
同意	v
名	mw
名副其实	v
后悔	v
向	prep
向往	v
向来	adv
吓	v
吗	part
吞吞吐吐	v
否决	v
否认	v
吧	part
吩咐	v
听	v
听见	v
听说	v
启发	v
启程	v
启蒙	v
吵	v
吵架	v
吸取	v
吸引	v
吸收	v
吹	v
吹捧	v
吹牛	v
吻	v
吼	v
呀	part
呈现	v
告别	v
告诉	v
告诫	v
告辞	v
呢	part
周密	a
呼吁	v
呼吸	v
呼唤	v
呼啸	v
呼朋唤友	v
命令	v
命名	v
咀嚼	v
和	conj
和气	a
和蔼	a
咨询	v
咬	v
咱们	pron
咳	v
咳嗽	v
品尝	v
哄	v
哇	part
哈	intj
响	v
响应	v
哎	intj
哦	part
哪	pron
哪个	pron
哪些	pron
哪儿	pron
哪里	pron
哭	v
哭泣	v
哭鼻子	v
哼	intj
唉	intj
唠叨	v
唯一	a
唯独	adv
唱	v
唱歌	v
唾弃	v
商量	v
啊	part
喂	intj
善于	v
喊	v
喘气	v
喜欢	v
喜爱	v
喝	v
喧哗	a
嗯	intj
嘈杂	a
嘛	part
嘱咐	v
嘲笑	v
嘿	intj
嚷	v
四	num
回	v
回去	v
回国	v
回忆	v
回报	v
回来	v
回答	v
回避	v
回顾	v
因为	conj
因此	conj
团圆	v
围绕	v
固然	adv
圆	a
在	v
在乎	v
在于	v
在意	v
地	part
场	mw
坏	a
坐	v
块	mw
坚持	v
坚硬	a
坠	v
垄断	v
垫	v
埋伏	v
埋怨	v
培养	v
培育	v
培训	v
堆积	v
堕落	v
堵塞	v
塌	v
塑造	v
填空	v
增加	v
增添	v
声	mw
处理	v
处置	v
复习	v
复印	v
外出	v
多	a
多么	intj
多少	pron
够	v
大	a
大家	pron
太	adv
失去	v
失眠	v
失败	v
夸	v
夹杂	v
奇怪	a
奋斗	v
奔波	v
奔驰	v
奖励	v
她	pron
她们	pron
好	a
好几	num
好吃	a
好多	a
好客	v
如果	conj
妨碍	v
姓	v
委屈	v
委托	v
威胁	v
嫉妒	v
嫌	v
孕育	v
存	v
存在	v
孝顺	v
学	v
学习	v
它	pron
它们	pron
守岁	v
守护	v
安全	a
安慰	v
安排	v
安置	v
安装	v
安静	a
完	v
完善	v
完成	v
完毕	v
实事求是	v
实在	adv
实施	v
实现	v
实行	v
实践	v
审查	v
客气	a
宣传	v
宣扬	v
宣泄	v
害怕	a
容忍	v
容易	a
容纳	v
宽	a
寄	v
寄托	v
富	a
寒暄	v
对	prep
对于	prep
对付	v
对待	v
对抗	v
对比	v
对照	v
寻找	v
寻觅	v
导致	v
封	mw
封锁	v
封闭	v
射(击)	v
尊敬	v
尊重	v
小	a
小心	a
少	a
尝	v
尝试	v
尤其	adv
就	adv
就业	v
就是	adv
就职	v
就餐	v
尽(力)	v
尽管	conj
层出不穷	v
居住	v
屈服	v
展开	v
展望	v
展现	v
展示	v
属于	v
履行	v
岔	v
崇拜	v
崇敬	v
崩溃	v
工作	v
差	v
差不多	adv
已经	adv
巴不得	v
布置	v
帅	a
希望	v
带	v
带领	v
帮	v
帮助	v
帮忙	v
常	adv
常常	adv
常见	a
幅	mw
幢	mw
干	v
干净	a
干吗	v
干扰	v
干活儿	v
干涉	v
干预	v
平安	a
平时	n
年轻	a
并	conj
并且	conj
并列	v
幸福	a
幸运	a
广泛	a
庆祝	v
应付	v
应用	v
应聘	v
应该	mv
废寝忘食	v
度过	v
座	mw
延伸	v
延续	v
延长	v
建立	v
建设	v
开	v
开会	v
开发	v
开始	v
开展	v
开心	a
开拓	v
开放	v
开机	v
开玩笑	v
开花	v
开车	v
开辟	v
弄	v
引导	v
引用	v
引起	v
张	mw
弥漫	v
弥补	v
弱	a
弹钢琴	v
强制	v
强烈	a
强调	v
强迫	v
归纳	v
归还	v
录取	v
形容	v
形成	v
影响	v
往	prep
往常	n
往往	adv
征服	v
征求	v
待	v
很	adv
得	part
得分	v
得到	v
得罪	v
徘徊	v
循环	v
微笑	v
心疼	v
必须	mv
忍受	v
忍耐	v
忘	v
忘记	v
忙	a
忙碌	a
快	a
快乐	a
快活	a
念	v
忽然	adv
忽略	v
忽视	v
怀念	v
怀疑	v
怎么	pron
怎么样	pron
怎样	pron
怕	v
思念	v
思索	v
思考	v
怠慢	v
急于求成	v
急功近利	v
总	adv
总是	adv
总算	adv
总结	v
恍然大悟	v
恢复	v
恨	v
恨不得	v
恶劣	a
恶化	v
悔恨	v
您	pron
悬挂	v
悲(伤)	a
悲哀	a
惊动	v
惦记	v
惩罚	v
想	v
想念	v
想方设法	v
想象	v
惹祸	v
愈	v
愉快	a
意味着	v
感兴趣	v
感冒	v
感到	v
感动	v
感受	v
感慨	v
感染	v
感激	v
感谢	v
愣	v
愤怒	a
愿意	v
慎重	a
慢	a
憋	v
懂	v
懂得	v
成为	v
成熟	v
成立	v
成长	v
我	pron
我们	pron
戒	v
或	conj
或者	conj
或许	adv
截止	v
戴	v
所	part
所以	conj
才	adv
扎	v
扑	v
扒	v
打	v
打交道	v
打仗	v
打包	v
打印	v
打听	v
打官司	v
打工	v
打开	v
打扫	v
打扮	v
打扰	v
打折	v
打招呼	v
打架	v
打猎	v
打电话	v
打算	v
打篮球	v
打车	v
打量	v
打针	v
扔	v
扣	v
扩(大)	v
扩充	v
扫码	v
扭转	v
扮演	v
扰乱	v
扶	v
批准	v
批评	v
找	v
承办	v
承包	v
承受	v
承担	v
承认	v
承诺	v
把	mw
把关	v
抓	v
抓紧	v
投入	v
投票	v
投篮	v
投诉	v
投资	v
折	v
折磨	v
折腾	v
抚摸	v
抛弃	v
抢	v
抢劫	v
抢救	v
报名	v
报警	v
报道	v
抬	v
抱	v
抱怨	v
抱歉	v
抵抗	v
抵达	v
抽烟	v
拄	v
担任	v
担保	v
担心	v
拉	v
拍	v
拍照	v
拐	v
拒绝	v
拔苗助长	v
拖延	v
拘留	v
招待	v
招收	v
招聘	v
拜年	v
拜托	v
拜访	v
拟定	v
拣	v
拥护	v
拥抱	v
拥有	v
拦	v
拨	v
拼搏	v
拽	v
拿	v
拿手	v
持续	v
挂	v
指	v
指定	v
指导	v
指挥	v
指望	v
指责	v
按照	prep
挑战	v
挖掘	v
挡	v
挣	v
挣扎	v
挤	v
挥	v
挨	v
挪	v
振兴	v
挺	adv
挽救	v
捆绑	v
捏	v
捕捉	v
捞	v
损坏	v
捡	v
换	v
捣乱	v
捧	v
掀起	v
掉	v
掌握	v
掏	v
排列	v
排名	v
排放	v
排斥	v
排队	v
排除	v
探听	v
探望	v
探测	v
探索	v
探讨	v
接	v
接受	v
接待	v
接着	adv
接触	v
接近	v
控制	v
推	v
推广	v
推测	v
推荐	v
推迟	v
推销	v
掩盖	v
掩饰	v
揉	v
描写	v
描绘	v
提	v
提供	v
提倡	v
提炼	v
提示	v
提议	v
提醒	v
提问	v
提高	v
插	v
揭露	v
搓	v
搞	v
搬	v
搬家	v
搭	v
搭配	v
携带	v
摆	v
摆脱	v
摇	v
摇摆	v
摊	v
摔	v
摔倒	v
摧残	v
摸	v
摸索	v
撇	v
撒谎	v
撞	v
播放	v
播种	v
擅长	v
操作	v
操劳	v
操心	v
操纵	v
擦	v
攀登	v
攒	v
支	mw
支付	v
支持	v
支撑	v
支配	v
收	v
收到	v
收拾	v
收缩	v
收藏	v
收费	v
改	v
改变	v
改善	v
改良	v
改进	v
改革	v
攻击	v
放	v
放假	v
放射	v
放弃	v
放心	v
放暑假	v
放松	v
救	v
教	v
敞开	v
敢	v
散发	v
散步	v
敲	v
整个	a
整体	a
整理	v
敷衍	v
斟酌	v
断	v
断定	v
新	a
方便	a
施展	v
旅游	v
旅行	v
无	v
无奈	v
无所谓	v
无法	v
无理取闹	v
无聊	a
旧	a
早	a
时常	adv
昂贵	a
明白	v
昏迷	v
是	v
显得	v
显示	v
晃	v
晒	v
晕	v
晚	a
晚点	v
普及	v
普遍	a
晴	a
晴朗	a
智能	a
暂停	v
暖	a
暖和	a
暗	a
暗示	v
暴露	v
曝光	v
更新	v
最近	n
有	v
有名	a
有意思	a
有时	adv
有趣	a
服务	v
服气	v
朗读	v
朝	prep
期待	v
期望	v
未免	adv
本	mw
朴实	a
朵	mw
机灵	a
杀	v
杜绝	v
束缚	v
条	mw
来	v
来自	v
杯	mw
构思	v
构成	v
枚	mw
枝	mw
枯萎	v
某	pron
查	v
查找	v
查看	v
查获	v
标记	v
栋	mw
树立	v
株	mw
根	mw
根据	prep
格外	adv
栽培	v
检查	v
检票	v
检验	v
棵	mw
模仿	v
次	mw
欢迎	v
欣赏	v
欺负	v
欺骗	v
款待	v
歇	v
正	adv
正确	a
正经	a
歪曲	v
残留	v
段	mw
毁灭	v
每	pron
比	prep
毕业	v
汇报	v
污染	v
沉思	v
沉淀	v
沉重	a
沉默	v
沏	v
沐浴	v
沟通	v
没意思	a
没有	v
沸腾	v
油炸	v
治(疗)	v
治理	v
沾光	v
泄气	v
泄漏	v
泛滥	v
注册	v
注意	v
注视	v
注重	v
洒	v
洗	v
洗澡	v
活泼	a
派	v
派遣	v
流传	v
流泪	v
流浪	v
流行	v
流露	v
浇	v
测验	v
浓	a
浓厚	a
浪费	v
浸泡	v
涂抹	v
消失	v
消毒	v
消灭	v
消耗	v
消费	v
消除	v
涉及	v
涌现	v
涨	v
淋	v
淘汰	v
深	a
深刻	a
深沉	a
淹没	v
清洁	a
清理	v
渗透	v
温暖	a
渴	a
渴望	v
游	v
游泳	v
游玩	v
游览	v
溅	v
溜	v
滋润	v
滑雪	v
滔滔不绝	v
滚	v
滞留	v
满	v
满足	v
漂亮	a
漂浮	v
漏	v
演出	v
演变	v
演奏	v
演绎	v
漫长	a
潜水	v
潜移默化	v
激动	a
激励	v
激发	v
濒临	v
灿烂	a
炒	v
炫耀	v
点缀	v
烂	a
烫	v
热	a
热情	a
热爱	v
热闹	a
烹饪	v
然后	conj
照	v
照相	v
照耀	v
照顾	v
煮	v
熄灭	v
熏陶	v
熟悉	v
熨	v
熬	v
熬夜	v
燃烧	v
爆发	v
爆炸	v
爬	v
爬山	v
爱	v
爱不释手	v
爱惜	v
爱戴	v
爱护	v
牵扯	v
特别	adv
特意	adv
特殊	a
独立	v
狭窄	a
狼吞虎咽	v
猜	v
率领	v
玩	v
玩儿	v
现在	n
珍惜	v
理发	v
理睬	v
理解	v
琢磨	v
瓶	mw
生产	v
生存	v
生气	a
生病	v
生锈	v
生长	v
用	v
甩	v
由	prep
由于	prep
申请	v
画	v
画蛇添足	v
畅销	v
畏惧	v
留	v
留学	v
留念	v
留神	v
番	mw
疯	v
疲倦	a
疲劳	a
疼	v
疼爱	v
病	v
瘦	a
登录	v
登记	v
白	a
白色	a
百	num
的	part
盈利	v
监视	v
盖	v
盖章	v
盘旋	v
盛	v
盛开	v
盛行	v
目睹	v
盯	v
相信	v
相关	v
相同	a
相处	v
相差	v
相当	v
相辅相成	v
盼望	v
看	v
看不起	v
看待	v
看病	v
看见	v
真	adv
真实	a
真正	a
眨	v
眯	v
着	part
着想	v
着手	v
着火	v
着迷	v
着重	v
睁	v
睡	v
睡着	v
睡觉	v
督促	v
瞄准	v
瞧	v
瞪	v
知道	v
短	a
矮	a
砍	v
砍伐	v
研究	v
破坏	v
砸	v
硬	a
确保	v
确信	v
确定	v
确立	v
确认	v
碎	v
碰	v
磋商	v
磕	v
示范	v
祝	v
祝福	v
祝贺	v
禁止	v
离	v
离婚	v
离开	v
种	mw
种植	v
种类	n
租	v
租赁	v
积累	v
称	v
称呼	v
称心如意	v
称赞	v
移动	v
移植	v
稍等	v
究竟	adv
穷	a
空	a
空洞	a
空虚	a
空闲	a
穿	v
穿越	v
突然	adv
窄	a
窜	v
立刻	adv
立即	adv
立足	v
竖	v
站	v
竞争	v
竭尽全力	v
端	v
笑	v
符合	v
笼罩	v
等	v
等于	v
等候	v
等待	v
答	v
答复	v
答应	v
策划	v
筛选	v
筹备	v
签	v
简单	a
算	v
算数	v
管	v
管理	v
管辖	v
篇	mw
粉碎	v
粉色	a
粒	mw
精打细算	v
精益求精	v
精通	v
糟蹋	v
系	v
紧张	a
紫	a
累	a
繁忙	a
繁殖	v
纠正	v
红色	a
约	v
约束	v
纪念	v
纳闷儿	v
练	v
练习	v
组合	v
组成	v
组织	v
细心	a
细致	a
终于	adv
终止	v
经历	v
经商	v
经常	adv
经营	v
经过	v
绑架	v
结合	v
结婚	v
结实	a
结束	v
结算	v
结账	v
给	prep
给予	v
绝望	v
统计	v
继承	v
继续	v
维护	v
维持	v
综合	v
绿	a
绿色	a
缓和	v
缓解	v
编织	v
缠绕	v
缩短	v
缴纳	v
缺乏	v
缺少	v
缺席	v
网购	v
美丽	a
美好	a
美满	a
美观	a
羡慕	v
翘	v
翻	v
老	a
老实	a
考	v
考察	v
考核	v
考虑	v
而	conj
而且	conj
而已	part
耍	v
耗费	v
耸	v
耽误	v
聊	v
聊天儿	v
联合	v
联想	v
联欢	v
联系	v
联络	v
聚	v
聚精会神	v
聚餐	v
聪明	a
肯定	adv
背	v
背叛	v
背诵	v
胖	a
胡说	v
能	mv
脂肪	n
脏	a
脱	v
脱离	v
自习	v
自力更生	v
自己	pron
自愿	v
自杀	v
致使	v
致力	v
舍不得	v
舒服	a
舒畅	a
舒适	a
舔	v
良好	a
艰苦	a
艰难	a
节	mw
节制	v
节省	v
节约	v
节食	v
若干	num
英俊	a
获得	v
萌芽	v
营业	v
落后	v
落实	v
著名	a
蓝	a
蔑视	v
蔓延	v
蕴藏	v
薄	a
薄弱	a
虐待	v
虚假	a
虽然	conj
融化	v
融合	v
行	v
补充	v
表彰	v
表扬	v
表明	v
表演	v
表现	v
表示	v
表达	v
衬托	v
衰老	v
衰退	v
被	prep
袭击	v
裁员	v
装	v
装修	v
装卸	v
装聋装哑	v
要	v
要是	conj
覆盖	v
见	v
见义勇为	v
见面	v
观光	v
观察	v
觉得	v
解决	v
解放	v
解释	v
解除	v
触犯	v
警告	v
警惕	v
计算	v
计较	v
订	v
认为	v
认可	v
认定	v
认得	v
认真	a
认识	v
讥笑	v
讨厌	v
讨好	v
讨论	v
让	v
训练	v
记	v
记得	v
记忆	v
记载	v
讲	v
讲究	v
许可	v
许多	a
论证	v
讽刺	v
设想	v
设立	v
设置	v
设计	v
访问	v
证实	v
证明	v
评价	v
评估	v
评论	v
识别	v
试	v
试图	v
诚实	a
诞生	v
询问	v
该	mv
误解	v
说	v
说不定	adv
说明	v
说服	v
说话	v
请假	v
请客	v
请教	v
请求	v
读	v
读书	v
谁	pron
调剂	v
调动	v
调和	v
调整	v
调查	v
调节	v
谈	v
谋求	v
谢绝	v
谴责	v
负责	v
责备	v
责怪	v
败坏	v
贩卖	v
贪污	v
贫乏	a
贫困	a
购买	v
购物	v
贵	a
贿赂	v
赋予	v
赌博	v
赔偿	v
赚	v
赞叹	v
赞成	v
赞美	v
赠送	v
赢	v
走	v
走漏	v
走路	v
赶	v
赶快	adv
起伏	v
起哄	v
起床	v
起来	v
起飞	v
趁	v
超越	v
超过	v
趴	v
跌	v
跑	v
跑步	v
跟踪	v
跟随	v
跨	v
跪	v
跳	v
跳舞	v
跳跃	v
踢	v
踢足球	v
踩	v
蹦	v
蹬	v
蹲	v
身	mw
躺	v
转	v
转变	v
转移	v
转达	v
轮	v
轮流	v
轰动	v
轻	a
轻视	v
较量	v
辅助	v
辆	mw
输	v
输入	v
辛苦	a
辜负	v
辞职	v
辨认	v
辩解	v
辩论	v
达到	v
达成	v
迁就	v
迁徙	v
过	part
过于	adv
过年	v
过来	v
过滤	v
过节	v
过问	v
迈	v
迎接	v
运	v
运用	v
运行	v
运输	v
近来	n
还	adv
还原	v
还是	conj
这	pron
这个	pron
这么	pron
这些	pron
这儿	pron
这样	pron
这里	pron
进	v
进入	v
进化	v
进去	v
进攻	v
进来	v
进步	v
进行	v
违反	v
违背	v
连续	v
迟到	v
迟疑	v
迟缓	a
迟钝	a
迫害	v
迷惑	v
迷路	v
迸发	v
追	v
追求	v
追究	v
退休	v
送	v
送行	v
适合	v
适应	v
逃	v
逃避	v
逆行	v
选	v
选拔	v
选择	v
选课	v
透露	v
递	v
递增	v
逗	v
通	v
通常	adv
通知	v
通缉	v
通过	prep
逛	v
造成	v
逢	v
逮捕	v
逼迫	v
遇到	v
遇见	v
遍布	v
遏制	v
道	mw
道歉	v
遗传	v
遗留	v
遭受	v
遭遇	v
遮挡	v
遵守	v
遵循	v
避免	v
邀请	v
那	pron
那个	pron
那么	pron
那些	pron
那儿	pron
那样	pron
那里	pron
部署	v
鄙视	v
配备	v
酝酿	v
醉	v
醒	v
采取	v
采用	v
采访	v
采购	v
采集	v
释放	v
重	a
重叠	v
重复	v
重新	adv
重要	a
重视	v
量	v
鉴别	v
鉴定	v
针对	v
钓	v
钦佩	v
钻研	v
铺	v
销售	v
销毁	v
错	a
错过	v
锦上添花	v
锻炼	v
镶嵌	v
长	a
闪烁	v
问	v
问世	v
闯	v
间	mw
闻	v
阅读	v
阐述	v
防守	v
防止	v
防治	v
阵	mw
阻拦	v
阻挠	v
阻止	v
阻碍	v
附和	v
陈述	v
降	v
降临	v
降低	v
降落	v
限制	v
除	v
除了	prep
陪	v
陶醉	v
陷入	v
随即	adv
随着	prep
隐瞒	v
难	a
难受	v
难看	a
难过	a
雄厚	a
集中	v
雕刻	v
雪上加霜	v
零	num
需要	v
震惊	v
震撼	v
非	v
非常	adv
靠	v
靠拢	v
面临	v
面对	v
鞭策	v
顶	v
项	mw
顿	mw
顿时	adv
颁布	v
预习	v
预料	v
预期	v
预测	v
预言	v
预订	v
预防	v
领会	v
领先	v
领悟	v
颇	adv
颗	mw
颠簸	v
颤抖	v
飘	v
飞	v
饱	a
饱经沧桑	v
饲养	v
饶恕	v
饿	a
首	mw
驱逐	v
驻扎	v
驾驶	v
骂	v
验血	v
验证	v
骑	v
骗	v
骚扰	v
高	a
高兴	a
高涨	v
麻烦	v
黄	a
黄色	a
黑	a
黑色	a
鼓动	v
鼓励	v
鼓掌	v
鼓舞	v
齐心协力	v
(代)替	v
(大)象	n
(象)棋	n
一丝不苟	idiom
一会儿	n
一共	adv
一再	adv
一切	pron
一如既往	idiom
一帆风顺	idiom
一度	adv
一律	adv
一旦	conj
一流	a
一目了然	idiom
一直	adv
一致	a
一贯	adv
一辈子	n
万分	adv
丈夫	n
上午	n
上周	n
上进	a
上面	n
下午	n
下属	n
下课	v
下面	n
不	adv
不仅	conj
不但	conj
不像话	a
不免	adv
不可思议	idiom
不够	a
不妨	adv
不安	a
不得不	adv
不惜	v
不择手段	idiom
不料	adv
不断	adv
不时	adv
不然	conj
不用	adv
不由得	adv
不相上下	idiom
不禁	adv
不管	conj
不耐烦	a
不要	adv
不见	v
不见不散	idiom
不见得	adv
不言而喻	idiom
不足	a
不错	a
不顾	v
与其	conj
专业	n
专家	n
专长	n
专门	adv
专题	n
世代	n
世界	n
世纪	n
丘陵	n
业余	a
业务	n
丛	mw
东	n
东方	n
东西	n
东边	n
丝毫	adv
丝瓜	n
丢三落四	idiom
丢人	v
严厉	a
严密	a
严寒	n
严格	a
严禁	v
个人	n
个体	n
个别	a
个子	n
个性	n
中介	n
中午	n
中国	n
中央	n
中学	n
中学生	n
中心	n
中文	n
中旬	n
中间	n
中餐	n
丰收	n
临床	a
临时	a
为什么	pron
主人	n
主任	n
主动	a
主席	n
主意	n
主流	n
主管	n
主观	a
主题	n
举动	n
久	a
义务	n
之	part
之后	n
之间	n
之际	n
乌黑	a
乐意	v
乐极生悲	idiom
乐观	a
乐谱	n
乐趣	n
乒乓球	n
乖	a
乘客	n
习俗	n
习惯	n
乡镇	n
书	n
书包	n
书店	n
书柜	n
书籍	n
乱	a
了不起	a
争端	n
争议	n
事	n
事业	n
事件	n
事先	adv
事实	n
事情	n
事故	n
事物	n
二氧化碳	n
亏损	n
云	n
互相	adv
互联网	n
井	n
亚军	n
交易	n
交通	n
交际	n
产业	n
产品	n
京剧	n
亲密	a
亲戚	n
亲热	a
亲爱	a
亲自	adv
人	n
人为	a
人员	n
人士	n
人工	n
人性	n
人才	n
人格	n
人民	n
人物	n
人生	n
人类	n
人间	n
今后	n
今天	n
今年	n
从前	n
从容	a
从小	adv
从此	adv
从而	conj
仓促	a
仓库	n
代价	n
代表	n
以	prep
以上	n
以便	conj
以免	conj
以前	n
以及	conj
以后	n
以外	n
以往	n
以来	n
以致	conj
仪器	n
仪式	n
们	part
价值	n
价格	n
价钱	n
任何	pron
任务	n
任性	a
任重道远	idiom
仿佛	adv
企业	n
众所周知	idiom
优势	n
优异	a
优点	n
优秀	a
优胜劣汰	idiom
优越	a
伙伴	n
会议	n
会议室	n
伞	n
传真	n
传统	n
传记	n
传说	n
伴侣	n
似乎	adv
位置	n
低于	v
低落	a
体温	n
体积	n
体系	n
体育	n
体育馆	n
体贴	a
体面	a
何况	conj
何必	adv
作业	n
作品	n
作家	n
作息	n
作文	n
作用	n
作者	n
作风	n
佳肴	n
使命	n
例外	n
例如	v
供不应求	idiom
依据	prep
侥幸	a
侦探	n
侧面	n
俗话	n
保守	a
保重	v
保险	n
信仰	n
信号	n
信封	n
信心	n
信念	n
信息	n
信用卡	n
信誉	n
修养	n
倍	mw
倒	adv
倒霉	a
倘若	conj
借助	v
借口	n
倡议	n
假	a
假如	conj
假期	n
偏僻	a
偏见	n
做法	n
健全	a
偶像	n
偶尔	adv
偶然	a
傍晚	n
储蓄	n
傻	a
僵硬	a
儒家	n
儿子	n
儿童	n
元	mw
元宵节	n
元旦	n
元素	n
兄弟	n
充分	a
充电宝	n
充足	a
先	adv
先前	n
先生	n
先进	a
光彩	n
光滑	a
光芒	n
光辉	n
免得	conj
免疫	n
免费	a
兜	n
兢兢业业	idiom
入口	n
全面	a
公交车	n
公元	n
公共汽车	n
公务	n
公司	n
公园	n
公安局	n
公寓	n
公式	n
公斤	mw
公然	adv
公认	v
公道	a
公里	mw
共计	v
关怀	n
关系	n
关键	n
兴旺	a
兴致勃勃	idiom
兴趣	n
兴隆	a
兴高采烈	idiom
其中	n
其他	pron
其余	pron
其实	adv
具体	a
典型	a
内	n
内在	a
内容	n
内涵	n
内部	n
册	mw
再三	adv
军事	n
军队	n
农业	n
农历	n
农村	n
农民	n
冠军	n
冬天	n
冬（天）	n
冰	n
冰淇淋	n
冰激凌	n
冰箱	n
冲动	n
决心	n
决策	n
决赛	n
况且	conj
冷静	a
凄凉	a
准则	n
准时	a
准确	a
凉快	a
凌晨	n
凶恶	a
凶手	n
凹凸	a
出息	n
出租车	n
出色	a
出路	n
出身	n
刀	n
分	mw
分别	adv
分寸	n
分明	adv
分歧	n
分量	n
分钟	mw
切切实实	adv
切实	a
刑事	a
刚刚	adv
刚才	n
初中	n
初步	a
利润	n
利益	n
别	adv
别扭	a
别的	pron
别致	a
到处	adv
到底	adv
制服	n
刹那	n
刻	mw
刻不容缓	idiom
刻苦	a
前	n
前天	n
前提	n
前景	n
前边	n
前途	n
前面	n
剑	n
剧烈	a
剪刀	n
力所能及	idiom
力气	n
力量	n
办公室	n
办法	n
功劳	n
功夫	n
功效	n
功能	n
加油	v
加油站	n
务必	adv
动作	n
动力	n
动态	n
动物	n
动物园	n
动画片	n
动脉	n
动静	n
助手	n
助理	n
努力	a
劳动	n
勇敢	a
勇气	n
勉强	adv
勤俭	a
勤劳	a
勤奋	a
勺子	n
勺（子）	n
勿	adv
包	n
包子	n
包袱	n
包装	n
北京	n
北方	n
北极	n
区别	n
区域	n
医生	n
医院	n
十字路口	n
千方百计	idiom
午餐	n
午饭	n
半价	n
半夜	n
半天	n
华丽	a
华裔	n
协会	n
协调	a
卑鄙	a
卓越	a
单人间	n
单位	n
单独	adv
单调	a
南	n
南方	n
博士	n
博大精深	idiom
博物馆	n
博览会	n
占线	v
卡	n
卧室	n
卫星	n
卫生间	n
印象	n
危机	n
即使	conj
即便	conj
即时	a
却	adv
历代	n
历史	n
压力	n
厕所	n
原先	n
原则	n
原因	n
原始	a
原料	n
原来	adv
原理	n
厨房	n
去年	n
县	n
参谋	n
及早	adv
及时	a
友好	a
友情	n
友谊	n
双胞胎	n
反之	conj
反复	adv
反常	a
反应	n
反正	adv
反而	adv
反馈	n
发达	a
叔叔	n
变化	n
变故	n
变迁	n
口味	n
口头	a
口气	n
口腔	n
口音	n
古代	n
古典	a
古董	n
句子	n
只好	adv
只要	conj
可乐	n
可怕	a
可怜	a
可恶	a
可惜	a
可爱	a
可行	a
可见	conj
可观	a
可靠	a
台阶	n
右边	n
叶子	n
号	n
号码	n
司机	n
各抒己见	idiom
各自	pron
合格	a
合理	a
合算	a
合适	a
同事	n
同学	n
同志	n
同胞	n
名人	n
名字	n
名次	n
名牌	n
名誉	n
后	n
后代	n
后天	n
后年	n
后来	n
后果	n
后背	n
后面	n
向导	n
君子	n
吝啬	a
否则	conj
吨	mw
含义	n
含糊	a
启示	n
呆	a
员工	n
周	n
周围	n
周期	n
周末	n
周边	n
味道	n
呵	intj
命运	n
和平	n
和睦	a
和谐	a
咖啡	n
咖啡厅	n
咸	a
品德	n
品种	n
品行	n
品质	n
哈哈	intj
响亮	a
哥哥	n
哪怕	conj
售货员	n
商业	n
商务	n
商品	n
商场	n
商店	n
啤酒	n
啦	part
善良	a
喉咙	n
喜悦	n
喜闻乐见	idiom
嗅觉	n
嗨	intj
嘴	n
嘴唇	n
器官	n
器材	n
噪音	n
四季	n
四肢	n
因素	n
因而	conj
困	a
困难	n
固定	a
固有	a
国	n
国外	n
国宝	n
国家	n
国籍	n
国际	a
图书馆	n
图案	n
圆满	a
圈	n
圈儿	n
圈套	n
土壤	n
地位	n
地区	n
地图	n
地址	n
地方	n
地步	n
地点	n
地球	n
地理	n
地道	a
地铁	n
地震	n
场合	n
场所	n
场面	n
均匀	a
坑	n
坚决	a
坚定	a
坚韧	a
坦白	a
垂直	a
垃圾	n
垃圾桶	n
城市	n
基因	n
基地	n
基本	adv
基本上	adv
基础	n
堆	n
堵车	v
塑料袋	n
境界	n
墙	n
墨水	n
士兵	n
壮丽	a
壮观	a
声誉	n
声音	n
壶	n
处境	n
备忘录	n
复杂	a
夏天	n
夕阳	n
外	n
外交	n
外公	n
外卖	n
外国	n
外地	n
外界	n
外行	n
外表	n
外语	n
外边	n
外面	n
多亏	v
多元化	a
多才多艺	idiom
夜	n
大人	n
大伙儿	pron
大体	adv
大使馆	n
大厅	n
大厦	n
大型	a
大夫	n
大学	n
大学生	n
大小	n
大意	a
大方	a
大概	adv
大熊猫	n
大约	adv
大肆	adv
大脑	n
大臣	n
大自然	n
大致	adv
大衣	n
大门	n
天	n
天伦之乐	idiom
天堂	n
天才	n
天文	n
天气	n
天生	a
天真	a
天空	n
天赋	n
太太	n
太阳	n
太阳镜	n
夫人	n
夫妇	n
夫妻	n
失望	a
失误	n
头	n
头发	n
头脑	n
夸张	a
奇妙	a
奇迹	n
奖学金	n
奖金	n
套	mw
奢侈	a
奥秘	n
女	n
女儿	n
女士	n
女孩儿	n
女朋友	n
女生	n
奴隶	n
奶奶	n
奶茶	n
好久	n
好像	adv
好听	a
好处	n
好奇	a
好好	adv
好玩儿	a
好看	a
如今	n
如何	pron
妄想	n
妇女	n
妈妈	n
妥当	a
妹妹	n
妻子	n
始终	adv
姐姐	n
姑且	adv
姑姑	n
姑娘	n
姓名	n
姥姥	n
姿势	n
姿态	n
威信	n
威望	n
威风	a
娃娃	n
娱乐	n
婚姻	n
婚礼	n
婴儿	n
媒体	n
媳妇	n
嫌疑	n
嫩	a
子弹	n
孔	n
字	n
孙子	n
季军	n
季度	n
季节	n
孤独	a
学位	n
学期	n
学校	n
学生	n
学说	n
学问	n
孩子	n
宁可	conj
宁愿	conj
宁肯	conj
安宁	a
完全	adv
完备	a
完整	a
完美	a
宗教	n
宗旨	n
官	n
官方	n
定义	n
定期	adv
宝贝	n
宝贵	a
实力	n
实惠	a
实用	a
实话	n
实质	n
实际	n
实际上	adv
实验	n
宠物	n
审美	n
客人	n
客厅	n
客户	n
客观	a
室	n
宫殿	n
害羞	a
家	n
家乡	n
家人	n
家伙	n
家具	n
家务	n
家喻户晓	idiom
家属	n
家常	n
家庭	n
宽容	a
宽敞	a
宾馆	n
宿舍	n
寂寞	a
寂静	a
密切	a
密码	n
富裕	a
寒假	n
寓言	n
对手	n
对方	n
对立	v
对策	n
对联	n
对话	n
对象	n
对面	n
寺庙	n
导游	n
导演	n
导航	n
封建	a
将来	n
将近	adv
尊严	n
小伙子	n
小区	n
小号	n
小吃	n
小姐	n
小学	n
小学生	n
小孩儿	n
小心翼翼	idiom
小时	n
小时候	n
小朋友	n
小说	n
尖端	a
尚且	conj
就近	adv
尴尬	a
尸体	n
尽快	adv
尽量	adv
尾巴	n
局部	n
局限	n
屁股	n
层	mw
层次	n
居民	n
居然	adv
届	mw
屋(子)	n
屋子	n
屏幕	n
屑	n
屡次	adv
山	n
山脉	n
岁	mw
岁月	n
岂有此理	idiom
岗位	n
岛屿	n
岩石	n
岸	n
峡谷	n
崇高	a
崭新	a
川流不息	idiom
州	n
工业	n
工人	n
工作日	n
工具	n
工厂	n
工程师	n
工艺品	n
工资	n
左	n
左右	n
左边	n
巧克力	n
巧妙	a
巨大	a
差别	n
差异	n
差距	n
巷	n
市区	n
市场	n
布	n
布局	n
师傅	n
帐篷	n
常用	a
常识	n
帽子	n
幅度	n
干劲	n
干旱	a
干杯	v
干燥	a
干脆	adv
平	a
平凡	a
平原	n
平均	a
平坦	a
平常	a
平庸	a
平等	a
平行	a
平衡	a
平静	a
平面	n
年	n
年代	n
年度	n
年级	n
年纪	n
年龄	n
并非	adv
幸亏	adv
幻想	n
幼儿园	n
幼稚	a
幽默	a
广告	n
广场	n
广大	a
广播	n
广阔	a
庄严	a
庄稼	n
庄重	a
床	n
序言	n
库	n
应邀	v
底	n
店	n
庞大	a
废	a
度	mw
座位	n
座右铭	n
庸俗	a
建筑	n
建议	n
开学	v
开幕式	n
开支	n
开明	a
开水	n
开阔	a
异常	a
引擎	n
弟弟	n
弦	n
弱点	n
弹性	n
归根到底	idiom
当代	n
当初	n
当前	n
当务之急	idiom
当地	n
当场	adv
当时	n
当然	adv
当面	adv
形势	n
形式	n
形态	n
形状	n
形象	n
彩票	n
彩虹	n
影子	n
彻底	a
彼此	pron
往事	n
待遇	n
律师	n
徒弟	n
得不偿失	idiom
得力	a
得天独厚	idiom
得意	a
循序渐进	idiom
微不足道	idiom
心得	n
心态	n
心情	n
心灵	n
心理	n
心甘情愿	idiom
心眼儿	n
心脏	n
心血	n
心里	n
必然	a
必要	a
忌讳	n
志愿者	n
志气	n
忠实	a
忠诚	a
忧郁	a
快要	adv
快递	n
态度	n
思想	n
思维	n
急	a
急切	a
急剧	a
急躁	a
性	n
性别	n
性命	n
性格	n
性能	n
总之	conj
总共	adv
总和	n
总而言之	idiom
总裁	n
恋爱	n
恐怕	adv
恐怖	a
恐惧	n
恭敬	a
恰到好处	idiom
恰巧	adv
恰当	a
恳切	a
恶心	a
恼火	a
悄悄	adv
悠久	a
患者	n
悬崖峭壁	idiom
悬殊	a
悲惨	a
情况	n
情形	n
情报	n
情景	n
情理	n
情绪	n
惊奇	a
惊讶	a
惭愧	a
惯例	n
想法	n
意义	n
意向	n
意图	n
意外	a
意志	n
意思	n
意料	n
意见	n
意识	n
愚蠢	a
感	n
感情	n
感想	n
感觉	n
愿望	n
慈善	a
慈祥	a
慌(张)	a
慌张	a
慢性	a
慷慨	a
懒	a
懒惰	a
戏剧	n
成人	n
成分	n
成功	a
成员	n
成天	adv
成就	n
成心	adv
成效	n
成本	n
成果	n
成绩	n
成语	n
战争	n
战役	n
战术	n
战略	n
截至	v
房东	n
房子	n
房租	n
房间	n
所有	a
所谓	a
扁	a
扇子	n
手	n
手指	n
手机	n
手法	n
手续	n
手艺	n
手表	n
才干	n
扎实	a
打击	n
执着	a
批	mw
技巧	n
技术	n
把手	n
把握	n
投机	a
护士	n
护照	n
报告	n
报社	n
报纸	n
报酬	n
抱负	n
押金	n
抽象	a
拐杖	n
拘束	a
拥挤	a
拳头	n
持久	a
指令	n
指南针	n
指数	n
指标	n
指甲	n
按时	adv
挫折	n
挺拔	a
损失	n
据悉	v
据说	v
接连	adv
推论	n
推车	n
措施	n
提前	v
插座	n
搭档	n
摄影师	n
摄氏度	mw
摇滚	n
操场	n
支出	n
支柱	n
收入	n
收益	n
收获	n
收音机	n
放学	v
政府	n
政策	n
故乡	n
故事	n
故意	adv
故障	n
效果	n
效率	n
效益	n
敌(人)	n
敏感	a
敏捷	a
敏锐	a
教养	n
教学楼	n
教室	n
教师	n
教授	n
教练	n
教育	n
教训	n
散文	n
敬业	a
数字	n
数学	n
数据	n
数量	n
数额	n
整齐	a
文件包	n
文具	n
文化	n
文字	n
文学家	n
文明	n
文物	n
文献	n
文章	n
文雅	a
斑	n
斜	a
斤	mw
斩钉截铁	idiom
断断续续	a
斯文	a
新娘	n
新年	n
新郎	n
新闻	n
新陈代谢	n
新颖	a
新鲜	a
方位	n
方便面	n
方向	n
方圆	n
方式	n
方案	n
方法	n
方言	n
方面	n
旁边	n
旋律	n
旗帜	n
旗袍	n
无偿	a
无动于衷	idiom
无微不至	idiom
无忧无虑	idiom
无拘无束	idiom
无数	a
无比	adv
无穷无尽	idiom
无精打采	idiom
无耻	a
无能为力	idiom
无论	conj
无非	adv
既	conj
既然	conj
日	n
日子	n
日常	a
日新月异	idiom
日用品	n
日益	adv
日程	n
日记	n
早上	n
早餐	n
早饭	n
时	n
时代	n
时候	n
时光	n
时刻	n
时尚	n
时期	n
时机	n
时而	adv
时间	n
昆虫	n
昌盛	a
明天	n
明年	n
明明	adv
明星	n
明显	a
明智	a
明确	a
昔日	n
星期	n
星期天	n
星期日	n
春天	n
昨天	n
是否	adv
是非	n
昼夜	n
显然	adv
显著	a
晚上	n
晚会	n
晚饭	n
普通	a
普通话	n
景点	n
景色	n
智力	n
智商	n
智慧	n
暂且	adv
暂时	adv
暗暗	adv
曲子	n
曲折	a
更	adv
更加	adv
曾经	adv
最	adv
最初	n
最后	n
最好	adv
月	n
月亮	n
月饼	n
有利	a
有效	a
有条不紊	idiom
有点儿	adv
有用	a
有的	pron
朋友	n
服务台	n
服务员	n
服装	n
朝代	n
朝气蓬勃	idiom
期末	n
期间	n
期限	n
木头	n
未必	adv
未来	n
本事	n
本子	n
本来	adv
本科	n
本能	n
本质	n
本身	pron
本钱	n
本领	n
朴素	a
机会	n
机器	n
机场	n
机密	a
机构	n
机票	n
杂志	n
权威	n
材料	n
束	mw
条件	n
来不及	v
来历	n
来得及	v
来源	n
杯子	n
杰出	a
极	adv
极了	adv
极其	adv
极端	a
极限	n
极（了）	adv
枕头	n
果实	n
果断	a
果汁	n
果然	adv
枯燥	a
柔和	a
柴油	n
标准	n
标准间	n
标志	n
栏目	n
树	n
校园	n
校长	n
样品	n
样子	n
样式	n
核心	n
根本	adv
根深蒂固	idiom
根源	n
桃	n
框架	n
案件	n
案例	n
桌子	n
档次	n
桥	n
桥梁	n
桨	n
梢	n
梦	n
梦想	n
梨	n
梯田	n
梳子	n
棒	a
森林	n
椅子	n
植物	n
椭圆	n
楼	n
楼梯	n
概念	n
概括	v
榜样	n
模型	n
模式	n
模样	n
模糊	a
模范	n
横	a
橘子	n
橡皮	n
次品	n
次序	n
次要	a
欢乐	a
欣慰	a
欣欣向荣	idiom
欲望	n
款式	n
歌	n
正义	n
正在	adv
正好	adv
正宗	a
正常	a
正式	a
正月	n
正气	n
正规	a
此	pron
此外	conj
步	n
步伐	n
步骤	n
武器	n
歹徒	n
死	a
死亡	n
残忍	a
残次品	n
残酷	a
毅力	n
毅然	adv
母亲	n
毒品	n
比例	n
比喻	n
比如	v
比方	n
比萨	n
比赛	n
比较	adv
比重	n
毕竟	adv
毛	n
毛巾	n
毛病	n
毫无	v
毫米	mw
民族	n
民间	n
气候	n
气功	n
气势	n
气味	n
气概	n
气氛	n
气温	n
气色	n
气魄	n
氧气	n
水	n
水平	n
水果	n
水泥	n
水煮鱼	n
水龙头	n
永恒	a
永远	adv
汉字	n
汉语	n
汗	n
池塘	n
汤	n
汹涌	a
汽油	n
沉着	a
沉闷	a
沙发	n
沙拉	n
沙滩	n
沙漠	n
没	adv
沮丧	a
河	n
油	n
沿海	n
法律	n
波浪	n
波涛	n
泰斗	n
洗手间	n
洗衣机	n
洞	n
洪水	n
活力	n
活动	n
活该	v
活跃	a
派别	n
流利	a
流氓	n
浅	a
浑身	n
浪漫	a
海	n
海拔	n
海洋	n
海鲜	n
消息	n
消极	a
淘气	a
淡季	n
深奥	a
深情厚谊	idiom
混乱	a
清晨	n
清晰	a
清楚	a
清淡	a
清澈	a
清醒	a
渠道	n
温和	a
温度	n
温柔	a
港口	n
港湾	n
游客	n
游戏	n
渺小	a
湖泊	n
湿润	a
源泉	n
溪	n
滋味	n
滑	a
滑雪场	n
满意	a
演习	n
演员	n
漫画	n
潇洒	a
潜力	n
潮流	n
潮湿	a
激情	n
激烈	a
激素	n
瀑布	n
火	a
火柴	n
火箭	n
火药	n
火车	n
火车站	n
灯	n
灯笼	n
灰	n
灰尘	n
灰心	a
灵感	n
灵敏	a
灵活	a
灵魂	n
灾害	n
灾难	n
炎热	a
点	n
点心	n
烟花	n
烤鸭	n
烦恼	a
热心	a
热泪盈眶	idiom
热烈	a
热门	a
焦急	a
然而	conj
煤炭	n
照常	adv
照样	adv
照片	n
照相机	n
熊猫	n
熟	a
熟练	a
爆竹	n
爱好	n
爱心	n
爱情	n
爱情片	n
父亲	n
爷爷	n
爸爸	n
爽快	a
片	mw
片刻	n
片面	a
版本	n
牙膏	n
牙齿	n
牛	n
牛奶	n
牢骚	n
物业	n
物理	n
物美价廉	idiom
物质	n
牲畜	n
特价	n
特定	a
特征	n
特点	n
特色	n
特色菜	n
特长	n
犬	n
状况	n
状态	n
犹如	v
犹豫	a
狂	a
狗	n
狠心	a
狡猾	a
独特	a
狭隘	a
狼狈	a
猛烈	a
猝死	n
猪	n
猫	n
猴子	n
玉	n
王子	n
玩意儿	n
玫瑰	n
环保	n
环境	n
环节	n
现代	n
现场	n
现实	n
现成	a
现状	n
现象	n
现金	n
玻璃	n
珍珠	n
珍稀	a
珍贵	a
班	n
班级	n
球	n
球场	n
球迷	n
理想	n
理所当然	idiom
理智	n
理由	n
理直气壮	idiom
理论	n
瓶子	n
甚至	adv
甜	a
生命	n
生态	n
生意	n
生日	n
生机	n
生活	n
生物	n
生理	n
生词	n
用功	a
用户	n
用途	n
甭	adv
田径	n
田野	n
电	n
电动车	n
电台	n
电子书	n
电子邮件	n
电影	n
电影院	n
电梯	n
电池	n
电源	n
电脑	n
电视	n
电话	n
电钻	n
男	n
男孩儿	n
男朋友	n
男生	n
画家	n
画笔	n
畔	n
留学生	n
疏忽	n
疑惑	n
疑问	n
疤	n
疲惫	a
疾病	n
病人	n
症状	n
痕迹	n
痛快	a
痛苦	a
瘸	a
癌症	n
登机牌	n
白噪音	n
白天	n
的确	adv
的话	part
皆	adv
皇后	n
皇帝	n
皮肤	n
皮鞋	n
皱纹	n
盆(子)	n
盐	n
监狱	n
盒子	n
盗窃	v
盘子	n
目光	n
目前	n
目标	n
目的	n
目的地	n
盲目	a
直	a
直到	v
直接	a
直播	n
直觉	n
相互	adv
相似	a
相反	a
相声	n
相对	a
相应	a
相机	n
相比	v
省	n
看来	v
看法	n
真挚	a
真理	n
真相	n
眼光	n
眼前	n
眼睛	n
眼神	n
眼色	n
眼镜	n
着急	a
瞎	a
瞬间	n
矛盾	n
知觉	n
知识	n
知足常乐	idiom
知音	n
短促	a
短信	n
短裤	n
石头	n
石油	n
矿产	n
矿泉水	n
码头	n
研究生	n
砖	n
破	a
硕士	n
确切	a
确实	adv
碗	n
礼拜天	n
礼物	n
礼节	n
礼貌	n
社会	n
社区	n
祖先	n
祖父	n
神仙	n
神圣	a
神奇	a
神态	n
神气	a
神秘	a
神经	n
票	n
离奇	a
私(人)	a
私自	adv
秋天	n
秋（天）	n
种子	n
科学	n
秒	mw
秘书	n
秘密	n
秤	n
秩序	n
积极	a
称号	n
移民	n
程度	n
稍微	adv
稳定	a
稻谷	n
稿件	n
空儿	n
空前绝后	idiom
空想	n
空气	n
空白	n
空调	n
空间	n
空隙	n
突出	a
突破	n
窍门	n
窗帘	n
窗户	n
窝	n
立体	a
竞赛	n
竟然	adv
童话	n
端正	a
端端正正	a
竹子	n
笑话	n
笔	n
笔记	n
笔记本	n
笔记本（电脑）	n
符号	n
笨	a
笨拙	a
第一	num
等级	n
答案	n
策略	n
筷子	n
签证	n
简体字	n
简历	n
简直	adv
简要	a
管子	n
箱子	n
篮球	n
籍贯	n
米	mw
米饭	n
类似	a
类型	n
粉末	n
粗心	a
粗糙	a
粥	n
粮食	n
精密	a
精彩	a
精心	adv
精确	a
精神	n
精致	a
糊涂	a
糖	n
糟糕	a
系列	n
系统	n
素质	n
素食	n
索性	adv
紧急	a
紧迫	a
紫外线	n
繁体字	n
繁华	a
繁荣	a
红绿灯	n
红茶	n
约会	n
级别	n
纪录	n
纪律	n
纯洁	a
纯粹	a
纵横	a
纷纷	adv
纸	n
纸袋	n
纺织	n
纽扣儿	n
线	n
线索	n
组	n
绅士	n
细胞	n
细节	n
细菌	n
终点	n
终究	adv
终身	n
经典	n
经济	n
经理	n
经费	n
经验	n
结晶	n
结构	n
结果	n
结论	n
络绎不绝	idiom
绝对	adv
统统	adv
绳子	n
维生素	n
编辑	n
缘故	n
缺口	n
缺点	n
缺陷	n
罐	n
网上	n
网球	n
网球场	n
网站	n
网络	n
罕见	a
罪犯	n
羊	n
羊肉	n
美国	n
美妙	a
美景	n
美术	n
群	mw
群众	n
羽毛球	n
羽绒服	n
翅膀	n
翻天覆地	idiom
翻译	n
翼	n
耀眼	a
老人	n
老公	n
老婆	n
老师	n
老板	n
老百姓	n
老虎	n
考古	n
考试	n
考验	n
耐心	n
耐用	a
耕地	n
耳朵	n
耳机	n
聋哑	a
职业	n
职位	n
职务	n
职能	n
聚会	n
肆无忌惮	idiom
肉	n
肌肉	n
肖像	n
肚子	n
股东	n
股份	n
肥沃	a
肥皂	n
肩膀	n
肺	n
肿瘤	n
胃	n
胃口	n
胆小鬼	n
胆怯	a
背景	n
胜利	n
胜负	n
胡乱	adv
胡同	n
胡须	n
胳膊	n
胸	n
胸怀	n
胸膛	n
能力	n
能干	a
能源	n
能量	n
脆弱	a
脑袋	n
脖子	n
脚	n
脸	n
脾气	n
腐败	a
腥	a
腰	n
腹泻	n
腿	n
膝盖	n
臂	n
自主	a
自从	prep
自信	a
自动	adv
自发	a
自我	pron
自然	a
自由	n
自私	a
自行车	n
自觉	a
自豪	a
至于	prep
至今	adv
至少	adv
舅舅	n
舆论	n
舌头	n
舟	n
航班	n
航空	n
舱	n
船	n
良心	n
艰巨	a
色彩	n
艺术	n
节奏	n
节日	n
节目	n
花	n
花园	n
花瓣	n
苗条	a
苦	a
苦尽甘来	idiom
苦涩	a
英勇	a
英明	a
英雄	n
苹果	n
茂盛	a
范围	n
茎	n
茫然	a
茫茫	a
茶	n
茶叶	n
草	n
草原	n
草地	n
草率	a
荒凉	a
荒唐	a
荒谬	a
荣幸	a
荣誉	n
荤	n
药	n
药店	n
莫名其妙	idiom
菜	n
菜单	n
营养	n
著作	n
葡萄	n
蔚蓝	a
蔬菜	n
虚伪	a
虚心	a
虚拟	a
虚荣	n
蚂蚁	n
蛋白质	n
蛋糕	n
蜡烛	n
蝴蝶	n
融洽	a
血压	n
行业	n
行为	n
行人	n
行列	n
行动	n
行李	n
行李箱	n
街	n
衣服	n
衣裳	n
表	n
表情	n
表格	n
表面	n
衬衫	n
衷心	a
袋子	n
袜子	n
被动	a
被子	n
裁判	n
裁缝	n
装备	n
装饰	n
裙子	n
裤子	n
西	n
西北	n
西瓜	n
西红柿	n
西边	n
西餐厅	n
要不	conj
要求	n
要素	n
见多识广	idiom
见解	n
观众	n
观念	n
观点	n
规划	n
规则	n
规定	n
规律	n
规格	n
规矩	n
规章	n
规范	n
视力	n
视线	n
视野	n
视频	n
角度	n
角色	n
角落	n
言论	n
警察	n
譬如	v
计划	n
记录	n
记性	n
记者	n
讲座	n
论坛	n
设备	n
设施	n
证	n
证件	n
证据	n
诈骗	v
词	n
词典	n
词汇	n
词语	n
试衣间	n
试验	n
诗	n
诚恳	a
诚挚	a
话题	n
详细	a
诧异	a
语法	n
语言	n
误会	n
误差	n
诱惑	n
说明书	n
请	v
请问	v
诸位	pron
课	n
课程	n
课题	n
调料	n
调皮	a
谢谢	v
谦虚	a
谨慎	a
豪华	a
豪迈	a
贝壳	n
负担	n
贡献	n
财产	n
财务	n
财富	n
责任	n
贤惠	a
货	n
质量	n
贪婪	a
贵族	n
费	n
资产	n
资料	n
资本	n
资格	n
资深	a
资源	n
资金	n
赤道	n
走廊	n
赶紧	adv
起	mw
起初	n
起源	n
起码	adv
超市	n
越	adv
越来越	adv
趋势	n
趟	mw
趣味	n
足以	adv
足球	n
足球场	n
距离	n
跟前	n
路	n
路上	n
路口	n
踊跃	a
踏实	a
踪迹	n
身份	n
身份证	n
身体	n
身后	n
身材	n
身边	n
身高	n
车	n
车站	n
轨道	n
轮廓	n
轻易	adv
轻松	a
较	adv
辉煌	a
辛勤	a
辣	a
辫子	n
边	n
边境	n
边缘	n
辽阔	a
迄今为止	idiom
迅速	a
过分	a
过去	n
过失	n
过度	a
过瘾	a
过程	n
迎面	adv
运动	n
运动会	n
运动员	n
运气	n
运算	n
近	a
近代	n
进展	n
进而	conj
远	a
连同	conj
连年	adv
连忙	adv
连锁	a
迟早	adv
迫不及待	idiom
迫切	a
迷人	a
迷信	n
适宜	a
选手	n
透明	a
逐年	adv
逐步	adv
逐渐	adv
途径	n
通俗	a
通用	a
通货膨胀	n
速度	n
造型	n
逻辑	n
遍	mw
道德	n
道理	n
遗产	n
遗憾	a
遥控	n
遥远	a
邮件	n
邮局	n
邮箱	n
邻居	n
郊区	n
郑重	a
部	n
部位	n
部分	n
部门	n
都	adv
配偶	n
酒	n
酒吧	n
酒店	n
酒窝	n
酒精	n
酱油	n
酸	a
醋	n
里	n
里程碑	n
里边	n
里面	n
重大	a
重心	n
重点	n
重量	n
野生	a
金属	n
金融	n
鉴于	prep
钙	n
钞票	n
钢铁	n
钥匙	n
钱	n
铃	n
铅笔	n
铜	n
银(子)	n
银行	n
锁	n
锅	n
锋利	a
错误	n
锲而不舍	idiom
镇静	a
镜头	n
镜子	n
长辈	n
长途	a
门	n
门口	n
门票	n
闪电	n
闭塞	a
问题	n
间接	a
间隔	n
闹钟	n
队伍	n
防御	n
阳光	n
阴	a
阴谋	n
阵容	n
阶层	n
阶段	n
阿姨	n
附近	n
陆地	n
陆续	adv
陈旧	a
陌生	a
陡峭	a
除夕	n
除非	conj
陶瓷	n
隆重	a
随便	a
随意	a
随手	adv
随时	adv
随身	adv
隐患	n
隐私	n
隐约	adv
隐蔽	a
隔阂	n
障碍	n
难免	a
难堪	a
难得	a
难怪	adv
难能可贵	idiom
难道	adv
难题	n
雄伟	a
雌雄	n
雕塑	n
雨	n
雨衣	n
雪	n
零下	n
零星	a
零钱	n
雷	n
需求	n
霞	n
霸道	a
青	a
青少年	n
非法	a
面前	n
面包	n
面子	n
面条	n
面条儿	n
面积	n
面试	n
面试官	n
面貌	n
革命	n
鞋	n
鞭炮	n
音乐	n
音响	n
页	mw
项目	n
顺便	adv
顺利	a
顺序	n
须知	n
顽固	a
顽强	a
顾客	n
顾虑	n
预兆	n
预先	adv
预报	n
预算	n
领域	n
领导	n
领袖	n
颈椎	n
频率	n
频繁	a
题	n
题材	n
题目	n
颜色	n
风	n
风俗	n
风光	n
风味	n
风土人情	idiom
风度	n
风景	n
风暴	n
风气	n
风险	n
飞机	n
飞禽走兽	idiom
飞跃	n
食堂	n
食物	n
餐厅	n
餐巾纸	n
餐馆儿	n
饥饿	a
饭	n
饭店	n
饭馆	n
饮料	n
饮食	n
饱和	a
饺子	n
饼干	n
馅儿	n
馋	a
馒头	n
首先	adv
首要	a
首都	n
香	a
香蕉	n
马	n
马上	adv
马虎	a
马路	n
骄傲	a
骨(头)	n
骨干	n
骨折	n
高中	n
高峰	n
高明	a
高档	a
高潮	n
高级	a
高速公路	n
高铁	n
魄力	n
魅力	n
魔术	n
魔鬼	n
鱼	n
鲜明	a
鲜艳	a
鲜花	n
鸟	n
鸡	n
鸡蛋	n
鸦雀无声	idiom
鸽子	n
麻	a
麻婆豆腐	n
麻木	a
麻痹	a
黄昏	n
黄河	n
黎明	n
黑板	n
默默	adv
鼻子	n
鼻涕	n
齐全	a
龙	n
